S0-T0,S0-T1,S0-T2,S0-T3,S0-T4,S0-T5,S0-T6,S0-T7,S0-T8,S0-T9,S1-T0,S1-T1,S1-T2,S1-T3,S1-T4,S1-T5,S1-T6,S1-T7,S1-T8,S1-T9,
chip (0,051),tea (0,080),chocol (0,022),coff (0,073),dog (0,039),us (0,018),us (0,010),mix (0,019),tast (0,026),amazon (0,034),tast (0,035),popcorn (0,045),would (0,033),dog (0,033),pack (0,028),us (0,014),ord (0,026),food (0,042),produc (0,026),cup (0,035),
flav (0,029),tast (0,019),tast (0,019),flav (0,024),tre (0,022),flav (0,013),good (0,009),fre (0,017),drink (0,024),pric (0,034),lik (0,030),pop (0,025),produc (0,025),tre (0,023),bag (0,027),drink (0,013),amazon (0,020),cat (0,030),ingredy (0,015),coff (0,035),
tast (0,019),flav (0,018),lik (0,017),cup (0,023),food (0,020),good (0,012),produc (0,009),us (0,017),flav (0,023),stor (0,026),flav (0,019),gre (0,021),buy (0,020),get (0,018),box (0,023),tast (0,011),produc (0,016),dog (0,021),us (0,014),us (0,024),
lik (0,018),lik (0,014),good (0,016),tast (0,021),lov (0,020),lik (0,011),ord (0,008),tast (0,017),lik (0,020),buy (0,021),bit (0,009),tast (0,019),try (0,019),toy (0,015),op (0,014),lik (0,009),ship (0,016),eat (0,017),food (0,012),mak (0,015),
lov (0,017),drink (0,012),flav (0,016),lik (0,017),good (0,012),tast (0,011),on (0,008),mak (0,017),sug (0,018),produc (0,021),on (0,009),us (0,016),review (0,014),lov (0,015),on (0,014),sug (0,009),pack (0,012),lov (0,014),mad (0,010),wat (0,015),
good (0,017),good (0,012),cooky (0,013),good (0,014),lik (0,010),ad (0,010),lik (0,008),glut (0,016),juic (0,018),gre (0,018),smel (0,009),lik (0,015),http (0,014),on (0,015),ar (0,010),produc (0,009),pric (0,012),lik (0,012),dog (0,009),k (0,011),
gre (0,016),lov (0,011),gre (0,012),on (0,011),produc (0,010),mak (0,009),would (0,008),bread (0,016),sweet (0,016),find (0,017),would (0,009),bag (0,013),giv (0,014),chew (0,013),tim (0,010),tea (0,008),buy (0,011),on (0,010),org (0,009),lik (0,011),
potato (0,015),us (0,010),bar (0,012),roast (0,011),on (0,009),sauc (0,008),pack (0,008),good (0,015),good (0,014),good (0,016),real (0,008),mak (0,012),href (0,014),would (0,009),ship (0,009),gre (0,008),would (0,010),year (0,008),lik (0,008),on (0,010),
bag (0,014),green (0,009),lov (0,011),k (0,011),eat (0,008),on (0,008),lov (0,007),produc (0,014),sod (0,013),loc (0,015),notlik (0,008),pack (0,012),lik (0,013),tim (0,009),ord (0,009),day (0,008),box (0,010),old (0,008),tre (0,007),tea (0,010),
salt (0,013),on (0,009),sweet (0,009),drink (0,010),would (0,008),gre (0,008),get (0,007),lik (0,013),carbon (0,010),ord (0,014),lov (0,008),lov (0,012),star (0,013),us (0,009),can (0,008),would (0,007),on (0,010),chick (0,007),chin (0,007),brew (0,010),
snack (0,013),mak (0,007),snack (0,009),lov (0,009),us (0,008),chick (0,007),gre (0,006),lov (0,012),would (0,010),ship (0,013),sweet (0,007),salt (0,010),on (0,012),smal (0,008),would (0,007),milk (0,007),tim (0,010),us (0,007),list (0,006),tast (0,008),
cal (0,011),gre (0,007),eat (0,009),blend (0,008),get (0,008),cook (0,007),tim (0,006),gre (0,011),wat (0,009),get (0,011),chip (0,007),microwav (0,010),flav (0,011),eat (0,008),us (0,007),eat (0,007),stor (0,009),would (0,007),on (0,006),hot (0,008),
eat (0,010),bag (0,006),sug (0,008),us (0,008),cat (0,008),lov (0,006),mak (0,005),but (0,009),orang (0,009),grocery (0,009),eat (0,007),oil (0,010),coff (0,010),rop (0,007),wrap (0,007),get (0,007),get (0,008),problem (0,007),would (0,006),drink (0,007),
on (0,009),sweet (0,006),on (0,008),gre (0,008),recommend (0,007),oil (0,006),bag (0,005),pancak (0,009),real (0,008),purchas (0,009),ev (0,006),movy (0,008),tast (0,010),food (0,007),fresh (0,007),on (0,007),purchas (0,008),fee (0,006),review (0,006),get (0,007),
fat (0,009),real (0,006),real (0,008),tri (0,008),giv (0,007),produc (0,006),tast (0,005),peanut (0,009),fruit (0,008),thank (0,009),bad (0,006),tim (0,008),money (0,009),lik (0,007),smal (0,007),help (0,006),item (0,008),can (0,006),company (0,005),gre (0,007),
real (0,008),ev (0,006),mak (0,007),would (0,007),tee (0,007),real (0,006),box (0,005),best (0,008),ad (0,008),lov (0,008),text (0,006),cook (0,007),ord (0,009),giv (0,007),lik (0,007),real (0,006),receiv (0,007),get (0,005),sug (0,005),flav (0,007),
popchip (0,008),best (0,005),oatm (0,007),mak (0,007),gre (0,007),littl (0,005),bought (0,005),real (0,008),switch (0,007),us (0,008),produc (0,006),kernel (0,007),definit (0,008),ev (0,006),wel (0,006),tim (0,006),us (0,007),produc (0,005),nat (0,005),tim (0,007),
healthy (0,008),cup (0,005),milk (0,007),bit (0,007),old (0,007),soup (0,005),buy (0,005),eat (0,008),nat (0,007),sav (0,008),littl (0,006),chip (0,007),could (0,008),hard (0,006),produc (0,006),coff (0,006),bag (0,007),tim (0,005),tast (0,005),ad (0,006),
sweet (0,008),enjoy (0,005),us (0,006),favorit (0,007),chew (0,006),best (0,005),real (0,004),tri (0,007),produc (0,007),found (0,008),tri (0,005),get (0,007),disappoint (0,008),littl (0,006),gre (0,006),lov (0,006),loc (0,006),much (0,005),corn (0,005),would (0,006),
best (0,007),ic (0,005),delicy (0,006),best (0,007),real (0,006),mix (0,005),day (0,004),ev (0,007),cal (0,007),would (0,007),us (0,005),on (0,007),purchas (0,007),day (0,006),keep (0,006),work (0,005),bought (0,006),not (0,005),contain (0,005),keurig (0,006),
would (0,007),recommend (0,005),best (0,006),brew (0,007),year (0,006),would (0,005),work (0,004),syrup (0,007),on (0,006),tim (0,007),chocol (0,005),easy (0,007),gre (0,007),minut (0,005),siz (0,006),low (0,005),cas (0,006),brand (0,005),fre (0,005),much (0,005),
low (0,007),tri (0,005),would (0,006),bold (0,007),happy (0,005),salt (0,005),year (0,004),mad (0,006),bit (0,006),pack (0,007),much (0,005),the (0,007),box (0,007),two (0,005),contain (0,006),much (0,005),return (0,005),wel (0,005),say (0,005),mix (0,005),
try (0,007),black (0,005),ad (0,006),strong (0,006),high (0,005),ev (0,005),ev (0,004),on (0,006),us (0,006),much (0,007),food (0,004),flav (0,007),say (0,007),long (0,005),seal (0,006),mak (0,005),review (0,005),day (0,005),many (0,005),work (0,005),
vineg (0,006),tim (0,005),ev (0,006),smoo (0,006),cle (0,005),eat (0,005),amazon (0,004),whe (0,006),littl (0,005),subscrib (0,006),get (0,004),much (0,007),lov (0,007),easy (0,005),com (0,005),sweet (0,005),can (0,005),dry (0,005),oil (0,005),produc (0,005),
sal (0,006),also (0,005),nut (0,006),dark (0,006),littl (0,005),bak (0,005),look (0,004),bak (0,005),gre (0,005),best (0,006),gre (0,004),bet (0,007),cannot (0,007),old (0,005),two (0,005),ev (0,005),sel (0,005),ev (0,005),also (0,005),bit (0,005),
favorit (0,006),try (0,005),almond (0,006),real (0,006),best (0,005),food (0,005),try (0,004),also (0,005),kiw (0,005),deal (0,006),not (0,004),pork (0,006),nev (0,006),keep (0,005),dent (0,005),try (0,004),first (0,005),look (0,005),lov (0,005),littl (0,004),
kettl (0,005),cha (0,005),healthy (0,005),acid (0,006),also (0,005),hot (0,005),gift (0,004),delicy (0,005),lov (0,005),cheap (0,006),first (0,004),rind (0,006),pric (0,006),work (0,005),brok (0,005),tri (0,004),two (0,005),tri (0,004),buy (0,005),machin (0,004),
regul (0,005),favorit (0,005),cal (0,005),enjoy (0,005),ev (0,004),also (0,005),first (0,004),recip (0,005),mak (0,005),happy (0,006),jerky (0,004),buy (0,006),real (0,006),larg (0,005),get (0,005),year (0,004),dat (0,004),two (0,004),amazon (0,004),easy (0,004),
crunchy (0,005),grey (0,005),littl (0,005),try (0,005),healthy (0,004),bit (0,004),got (0,004),try (0,005),also (0,005),bet (0,006),bet (0,004),would (0,006),notbuy (0,006),piec (0,005),cam (0,005),flav (0,004),could (0,004),diet (0,004),label (0,004),chocol (0,004),
ev (0,005),would (0,004),mix (0,005),brand (0,005),keep (0,004),tim (0,004),perfect (0,004),flav (0,005),much (0,005),cannot (0,006),look (0,004),sal (0,006),amazon (0,005),around (0,005),easy (0,005),feel (0,004),cost (0,004),real (0,004),pack (0,004),lov (0,004),
pop (0,005),produc (0,004),produc (0,005),ev (0,005),tim (0,004),pork (0,004),wel (0,004),waffl (0,005),high (0,005),food (0,005),pack (0,004),machin (0,006),thought (0,005),gre (0,005),larg (0,005),also (0,004),day (0,004),try (0,004),real (0,004),ground (0,004),
bet (0,005),bit (0,004),chip (0,004),decaf (0,005),greeny (0,004),season (0,004),could (0,004),would (0,005),coconut (0,005),could (0,005),could (0,004),produc (0,006),get (0,005),tak (0,005),mak (0,005),giv (0,004),got (0,004),first (0,004),brand (0,004),ev (0,004),
tri (0,005),get (0,004),perfect (0,004),nic (0,005),smal (0,004),chees (0,004),stor (0,004),easy (0,005),tangerin (0,004),recommend (0,005),also (0,003),littl (0,005),bad (0,005),last (0,005),stor (0,004),stomach (0,004),disappoint (0,004),vary (0,004),read (0,004),buy (0,004),
delicy (0,005),day (0,004),favorit (0,004),keurig (0,005),baby (0,004),easy (0,004),friend (0,003),bet (0,004),bet (0,004),com (0,005),hard (0,003),try (0,005),someth (0,005),play (0,005),receiv (0,004),tak (0,004),lik (0,004),also (0,004),qual (0,004),smal (0,004),
much (0,005),org (0,004),pack (0,004),morn (0,004),two (0,004),ric (0,004),best (0,003),crack (0,004),syrup (0,004),on (0,005),mou (0,003),tri (0,005),brand (0,005),siz (0,005),plast (0,004),start (0,004),problem (0,004),giv (0,004),pet (0,004),bet (0,004),
bbq (0,005),earl (0,004),also (0,004),french (0,004),mak (0,004),meat (0,004),coff (0,003),flo (0,004),get (0,004),glad (0,005),disappoint (0,003),first (0,005),read (0,005),bottl (0,004),long (0,004),ad (0,004),com (0,004),switch (0,004),syrup (0,004),put (0,004),
recommend (0,004),brand (0,004),protein (0,004),bean (0,004),day (0,004),try (0,004),eat (0,003),cooky (0,004),recommend (0,004),lik (0,005),review (0,003),brand (0,005),diff (0,005),real (0,004),could (0,004),problem (0,004),find (0,004),start (0,004),look (0,004),fin (0,004),
spicy (0,004),nic (0,004),high (0,004),get (0,004),wel (0,004),wel (0,004),find (0,003),regul (0,004),try (0,004),bought (0,005),thing (0,003),ord (0,005),tri (0,005),first (0,004),cooky (0,004),diet (0,004),gre (0,004),seem (0,004),manufact (0,004),also (0,004),
pack (0,004),brew (0,004),cer (0,004),med (0,004),much (0,004),noodl (0,004),purchas (0,003),ad (0,004),refresh (0,004),ev (0,005),bag (0,003),corn (0,004),first (0,005),put (0,004),food (0,004),wat (0,004),ev (0,004),flav (0,004),high (0,004),packet (0,004),
enjoy (0,004),ad (0,004),text (0,004),rich (0,004),try (0,004),salad (0,004),ship (0,003),wel (0,004),berry (0,004),high (0,005),cannot (0,003),bought (0,004),pack (0,005),could (0,004),amazon (0,004),bad (0,004),back (0,004),formul (0,003),mak (0,003),milk (0,004),
brand (0,004),find (0,004),nic (0,004),chocol (0,004),ingredy (0,004),get (0,003),popcorn (0,003),famy (0,004),nic (0,004),coff (0,004),try (0,003),real (0,004),ev (0,005),got (0,004),buy (0,004),wel (0,004),month (0,003),sint (0,003),flav (0,003),two (0,004),
popcorn (0,004),delicy (0,003),bit (0,004),bet (0,004),org (0,004),tri (0,003),food (0,003),year (0,004),bev (0,004),fre (0,004),say (0,003),wel (0,004),want (0,005),problem (0,004),chip (0,004),sint (0,004),pay (0,003),week (0,003),know (0,003),problem (0,004),
tasty (0,004),wond (0,003),try (0,004),tim (0,004),vet (0,004),past (0,003),giv (0,003),browny (0,004),tri (0,004),bag (0,004),someth (0,003),right (0,004),us (0,005),thing (0,004),freez (0,004),bet (0,004),ar (0,003),littl (0,003),find (0,003),real (0,004),
nic (0,004),coff (0,003),get (0,004),pric (0,003),buy (0,004),wat (0,003),littl (0,003),mapl (0,004),think (0,003),sel (0,004),way (0,003),purchas (0,004),wast (0,005),bit (0,004),last (0,004),food (0,003),much (0,003),ingredy (0,003),found (0,003),filt (0,004),
buy (0,004),littl (0,003),bet (0,004),first (0,003),enjoy (0,004),shak (0,003),see (0,003),gf (0,004),healthy (0,003),fast (0,004),kind (0,003),eat (0,004),tim (0,004),much (0,004),day (0,004),nee (0,003),per (0,003),tre (0,003),glut (0,003),half (0,003),
high (0,004),wat (0,003),much (0,004),recommend (0,003),seem (0,004),nic (0,003),mad (0,003),tim (0,004),art (0,003),carry (0,004),coff (0,003),ev (0,004),away (0,004),big (0,004),insid (0,004),first (0,003),see (0,003),magnes (0,003),com (0,003),siz (0,003),
also (0,004),wel (0,003),fruit (0,004),starbuck (0,003),fee (0,004),mad (0,003),review (0,003),past (0,004),ev (0,003),wor (0,004),stuff (0,003),go (0,004),look (0,004),try (0,004),got (0,004),cal (0,003),sav (0,003),got (0,003),chick (0,003),bag (0,003),
littl (0,004),high (0,003),tasty (0,004),diff (0,003),help (0,003),ol (0,003),nic (0,003),cal (0,004),wel (0,003),brand (0,004),notgood (0,003),smal (0,004),know (0,004),fig (0,004),also (0,004),without (0,003),company (0,003),diff (0,003),problem (0,003),weak (0,003),
text (0,004),hot (0,003),fre (0,003),arom (0,003),look (0,003),delicy (0,003),ar (0,003),sug (0,004),want (0,003),real (0,004),thought (0,003),stor (0,004),notlik (0,004),jug (0,004),individ (0,004),energy (0,003),subscrib (0,003),bet (0,003),eat (0,003),pack (0,003),
perfect (0,004),much (0,003),enjoy (0,003),perfect (0,003),siz (0,003),much (0,003),much (0,003),much (0,004),enjoy (0,003),item (0,004),mak (0,003),fresh (0,004),go (0,004),mak (0,004),bad (0,003),protein (0,003),try (0,003),nev (0,003),much (0,003),strong (0,003),
crunch (0,004),qual (0,003),hot (0,003),found (0,003),sint (0,003),pack (0,003),com (0,003),whol (0,003),giv (0,003),onlin (0,004),think (0,003),diff (0,003),wrong (0,004),puppy (0,003),jar (0,003),acid (0,003),year (0,003),chang (0,003),not (0,003),oz (0,003),
light (0,004),herb (0,003),candy (0,003),ful (0,003),toy (0,003),put (0,003),back (0,003),find (0,003),cont (0,003),avail (0,004),strong (0,003),oz (0,003),bet (0,004),hour (0,003),ev (0,003),not (0,003),last (0,003),smel (0,003),fact (0,003),mad (0,003),
food (0,004),strong (0,003),but (0,003),buy (0,003),qual (0,003),bet (0,003),flav (0,003),recommend (0,003),ingredy (0,003),box (0,004),wel (0,003),packet (0,003),see (0,004),break (0,003),problem (0,003),cannot (0,003),week (0,003),new (0,003),gre (0,003),ic (0,003),
serv (0,003),mint (0,003),dark (0,003),find (0,003),bit (0,003),dish (0,003),pric (0,003),found (0,003),stil (0,003),wel (0,004),cooky (0,003),kettl (0,003),pleas (0,003),com (0,003),littl (0,003),littl (0,003),found (0,003),could (0,003),see (0,003),try (0,003),
produc (0,003),bet (0,003),fat (0,003),low (0,003),chick (0,003),bean (0,003),tre (0,003),pamel (0,003),appl (0,003),delivery (0,004),almost (0,003),minut (0,003),wish (0,003),away (0,003),put (0,003),want (0,003),expir (0,003),mix (0,003),diff (0,003),pot (0,003),
vary (0,003),loos (0,003),recommend (0,003),far (0,003),not (0,003),spic (0,003),candy (0,003),text (0,003),diff (0,003),quick (0,004),sug (0,003),but (0,003),bought (0,003),pil (0,003),piec (0,003),long (0,003),food (0,003),fish (0,003),pric (0,003),nee (0,003),
get (0,003),diff (0,003),peanut (0,003),much (0,003),pric (0,003),meal (0,003),enjoy (0,003),get (0,003),altern (0,003),excel (0,004),dry (0,003),work (0,003),mak (0,003),bought (0,003),crack (0,003),bit (0,003),fre (0,003),picky (0,003),bad (0,003),way (0,003),
us (0,003),found (0,003),tri (0,003),produc (0,003),every (0,003),favorit (0,003),recommend (0,003),diet (0,003),light (0,003),alway (0,004),though (0,003),northern (0,003),decid (0,003),mix (0,003),cas (0,003),every (0,003),say (0,003),alway (0,003),heal (0,003),coco (0,003),
siz (0,003),first (0,003),want (0,003),many (0,003),brand (0,003),pep (0,003),also (0,003),wond (0,003),without (0,003),also (0,004),anyth (0,003),larg (0,003),els (0,003),produc (0,003),tak (0,003),thing (0,003),sint (0,003),pack (0,003),stat (0,003),cream (0,003),
ord (0,003),blend (0,003),think (0,003),also (0,003),easy (0,003),fresh (0,003),hom (0,003),many (0,003),lot (0,003),reason (0,004),brand (0,003),amount (0,003),going (0,003),bon (0,003),half (0,003),could (0,003),coff (0,003),tun (0,003),bag (0,003),notlik (0,003),
first (0,003),honey (0,003),tre (0,003),vanill (0,003),bet (0,003),perfect (0,003),keep (0,002),thing (0,003),say (0,003),qual (0,003),act (0,002),could (0,003),think (0,003),half (0,003),howev (0,003),lot (0,003),grocery (0,003),vet (0,003),ev (0,003),box (0,003),
pep (0,003),sug (0,003),coconut (0,003),day (0,003),say (0,002),way (0,003),receiv (0,002),diff (0,003),mix (0,003),cost (0,003),aftertast (0,002),also (0,003),anoth (0,003),seem (0,003),way (0,003),way (0,003),mon (0,003),healthy (0,003),peopl (0,003),top (0,003),
tim (0,003),look (0,003),wel (0,003),littl (0,003),thing (0,002),chop (0,003),cam (0,002),fat (0,003),grap (0,003),expend (0,003),op (0,002),nev (0,003),peopl (0,003),also (0,003),not (0,003),high (0,003),dent (0,003),gre (0,003),try (0,003),tri (0,003),
bit (0,003),pack (0,003),soft (0,003),regul (0,003),think (0,002),want (0,003),chocol (0,002),food (0,003),strawberry (0,003),hard (0,003),potato (0,002),thing (0,003),got (0,003),think (0,003),purchas (0,003),notlik (0,003),cannot (0,003),found (0,003),bet (0,002),larg (0,003),
right (0,003),year (0,003),breakfast (0,003),say (0,003),work (0,002),chil (0,003),sint (0,002),enjoy (0,003),vitamin (0,003),ar (0,003),salt (0,002),got (0,003),notrecommend (0,003),year (0,003),whol (0,003),mix (0,003),nev (0,003),qual (0,003),cal (0,002),want (0,003),
altern (0,003),pric (0,003),look (0,003),without (0,003),know (0,002),spicy (0,003),op (0,002),cannot (0,003),less (0,003),definit (0,003),hat (0,002),snack (0,003),back (0,003),greeny (0,003),eat (0,003),someth (0,003),howev (0,003),canida (0,002),thing (0,002),bottl (0,003),
satisfy (0,003),want (0,003),cream (0,003),stil (0,003),pet (0,002),stuff (0,003),tea (0,002),cak (0,003),look (0,003),tast (0,003),col (0,002),find (0,003),not (0,003),not (0,003),item (0,003),morn (0,002),go (0,003),weight (0,002),disappoint (0,002),set (0,003),
mak (0,003),perfect (0,002),vanill (0,003),vary (0,003),mix (0,002),tasty (0,002),want (0,002),grad (0,003),someth (0,003),serv (0,003),seem (0,002),say (0,003),notwor (0,003),plast (0,003),top (0,003),effect (0,002),cheap (0,003),allergy (0,002),jerky (0,002),first (0,003),
watch (0,003),buy (0,002),coco (0,003),pack (0,003),tri (0,002),veget (0,002),tak (0,002),buy (0,003),best (0,003),way (0,003),mix (0,002),tasty (0,003),gav (0,003),stil (0,003),first (0,003),say (0,002),going (0,003),less (0,002),sint (0,002),pod (0,003),
weight (0,003),leav (0,002),fib (0,003),mountain (0,003),mad (0,002),recip (0,002),thing (0,002),far (0,003),regul (0,003),cas (0,003),expect (0,002),top (0,003),rat (0,003),busy (0,003),bought (0,003),nev (0,002),custom (0,003),bit (0,002),item (0,002),fil (0,003),
bak (0,003),many (0,002),fil (0,003),ord (0,003),first (0,002),buy (0,002),found (0,002),brand (0,003),could (0,003),flav (0,003),bland (0,002),siz (0,002),tea (0,003),go (0,003),fin (0,003),blood (0,002),anoth (0,003),pet (0,002),healthy (0,002),sug (0,003),
want (0,003),pleas (0,002),way (0,003),purchas (0,003),favorit (0,002),enjoy (0,002),two (0,002),littl (0,003),buy (0,003),less (0,003),sal (0,002),want (0,002),receiv (0,003),took (0,003),tast (0,003),baby (0,002),lov (0,003),back (0,002),notbuy (0,002),com (0,003),
addict (0,003),say (0,002),oat (0,002),green (0,002),bag (0,002),sweet (0,002),happy (0,002),high (0,003),corn (0,003),money (0,003),piec (0,002),famy (0,002),prob (0,003),kibbl (0,003),big (0,003),week (0,002),less (0,003),mak (0,002),soy (0,002),could (0,003),
definit (0,003),box (0,002),coff (0,002),light (0,002),want (0,002),year (0,002),way (0,002),biscuit (0,003),though (0,003),mak (0,003),howev (0,002),hard (0,002),com (0,003),way (0,003),lov (0,003),think (0,002),pleas (0,002),every (0,002),new (0,002),per (0,002),
sod (0,003),long (0,002),find (0,002),want (0,002),larg (0,002),serv (0,002),plant (0,002),work (0,003),contain (0,003),per (0,003),nev (0,002),look (0,002),stuff (0,003),lab (0,003),serv (0,003),found (0,002),want (0,002),bag (0,002),purchas (0,002),disappoint (0,002),
stil (0,003),smel (0,002),food (0,002),wel (0,002),newm (0,002),brand (0,002),think (0,002),com (0,002),oz (0,002),year (0,003),meat (0,002),nee (0,002),describ (0,003),back (0,003),air (0,002),carb (0,002),also (0,002),petit (0,002),back (0,002),stil (0,002),
thing (0,003),ord (0,002),cinnamon (0,002),look (0,002),act (0,002),lot (0,002),go (0,002),bought (0,002),per (0,002),see (0,003),got (0,002),sint (0,002),much (0,003),bal (0,003),away (0,002),look (0,002),long (0,002),month (0,002),giv (0,002),lid (0,002),
diet (0,003),without (0,002),low (0,002),giv (0,002),find (0,002),potato (0,002),easy (0,002),could (0,002),not (0,002),shop (0,003),nottast (0,002),batch (0,002),reason (0,003),wel (0,003),many (0,002),old (0,002),onlin (0,002),diarrhe (0,002),pleas (0,002),ord (0,002),
look (0,003),excel (0,002),tim (0,002),pref (0,002),smel (0,002),n (0,002),say (0,002),wat (0,002),soda (0,002),valu (0,003),beef (0,002),com (0,002),item (0,003),tug (0,003),look (0,002),sod (0,002),real (0,002),three (0,002),year (0,002),tak (0,002),
lot (0,003),arom (0,002),without (0,002),delicy (0,002),go (0,002),find (0,002),stuff (0,002),bisquick (0,002),way (0,002),sint (0,003),lot (0,002),long (0,002),may (0,003),bag (0,003),nee (0,002),many (0,002),look (0,002),act (0,002),act (0,002),wel (0,002),
someth (0,002),work (0,002),crunchy (0,002),fin (0,002),nee (0,002),heat (0,002),last (0,002),eg (0,002),can (0,002),del (0,003),hot (0,002),found (0,002),oth (0,003),every (0,003),dam (0,002),cer (0,002),not (0,002),coat (0,002),cannot (0,002),less (0,002),
find (0,002),com (0,002),mad (0,002),pleas (0,002),long (0,002),tomato (0,002),long (0,002),first (0,002),lemon (0,002),long (0,003),soft (0,002),put (0,002),sav (0,003),end (0,003),disappoint (0,002),diff (0,002),refund (0,002),cuisin (0,002),whe (0,002),ount (0,002),
giv (0,002),every (0,002),chewy (0,002),espresso (0,002),lot (0,002),high (0,002),every (0,002),sweet (0,002),serv (0,002),bulk (0,003),bar (0,002),ad (0,002),work (0,003),act (0,002),much (0,002),last (0,002),sent (0,002),meat (0,002),may (0,002),found (0,002),
jerky (0,002),whit (0,002),ingredy (0,002),mild (0,002),cannot (0,002),look (0,002),know (0,002),way (0,002),ount (0,002),try (0,003),giv (0,002),review (0,002),company (0,002),mon (0,002),review (0,002),weight (0,002),went (0,002),nat (0,002),salt (0,002),pric (0,002),
think (0,002),steep (0,002),right (0,002),every (0,002),com (0,002),minut (0,002),smal (0,002),sint (0,002),first (0,002),look (0,003),sauc (0,002),stuff (0,002),cup (0,002),tri (0,002),tea (0,002),hour (0,002),bad (0,002),stomach (0,002),flo (0,002),day (0,002),
chedd (0,002),lot (0,002),someth (0,002),body (0,002),nat (0,002),bag (0,002),stil (0,002),husband (0,002),definit (0,002),wish (0,002),mayb (0,002),cannot (0,002),mayb (0,002),cannot (0,002),lot (0,002),month (0,002),oz (0,002),fin (0,002),think (0,002),diff (0,002),
wel (0,002),mild (0,002),wond (0,002),ground (0,002),purchas (0,002),recommend (0,002),nee (0,002),stuff (0,002),pretty (0,002),got (0,002),chew (0,002),many (0,002),anyon (0,002),nev (0,002),quick (0,002),go (0,002),wel (0,002),lot (0,002),chang (0,002),blend (0,002),
less (0,002),cold (0,002),buy (0,002),smel (0,002),tast (0,002),thing (0,002),fin (0,002),chocol (0,002),brand (0,002),abl (0,002),tea (0,002),season (0,002),everyon (0,002),week (0,002),stil (0,002),cup (0,002),reason (0,002),puppy (0,002),fat (0,002),brand (0,002),
say (0,002),way (0,002),nat (0,002),weak (0,002),brea (0,002),first (0,002),tri (0,002),sandwich (0,002),low (0,002),pay (0,002),eith (0,002),disappoint (0,002),thing (0,002),rub (0,002),bet (0,002),seem (0,002),serv (0,002),vomit (0,002),first (0,002),mug (0,002),
without (0,002),fresh (0,002),whol (0,002),notbit (0,002),stil (0,002),giv (0,002),old (0,002),cook (0,002),find (0,002),off (0,002),ok (0,002),kid (0,002),fin (0,002),fin (0,002),pric (0,002),healthy (0,002),stil (0,002),notlik (0,002),research (0,002),find (0,002),
far (0,002),purchas (0,002),easy (0,002),hot (0,002),puppy (0,002),quick (0,002),not (0,002),favorit (0,002),pric (0,002),siz (0,002),aw (0,002),port (0,002),hop (0,002),nee (0,002),sev (0,002),see (0,002),nee (0,002),digest (0,002),nee (0,002),go (0,002),
way (0,002),milk (0,002),see (0,002),breakfast (0,002),could (0,002),stor (0,002),pop (0,002),tasty (0,002),thing (0,002),conveny (0,002),bought (0,002),bit (0,002),noth (0,002),op (0,002),singl (0,002),find (0,002),quick (0,002),issu (0,002),howev (0,002),grind (0,002),
sea (0,002),vanill (0,002),vary (0,002),definit (0,002),stuff (0,002),ingredy (0,002),famy (0,002),think (0,002),cherry (0,002),go (0,002),buy (0,002),hot (0,002),food (0,002),quick (0,002),cut (0,002),regul (0,002),cam (0,002),nee (0,002),process (0,002),money (0,002),
bought (0,002),leaf (0,002),brand (0,002),wolfgang (0,002),perfect (0,002),diff (0,002),hot (0,002),not (0,002),pineappl (0,002),stuff (0,002),diff (0,002),tak (0,002),nots (0,002),flo (0,002),flav (0,002),keep (0,002),think (0,002),protein (0,002),stor (0,002),minut (0,002),
origin (0,002),contain (0,002),kind (0,002),hous (0,002),picky (0,002),found (0,002),new (0,002),celiac (0,002),howev (0,002),stock (0,002),noth (0,002),unpop (0,002),way (0,002),right (0,002),find (0,002),formul (0,002),way (0,002),sev (0,002),bought (0,002),bought (0,002),
absolv (0,002),ging (0,002),fresh (0,002),cream (0,002),expend (0,002),com (0,002),put (0,002),chees (0,002),diet (0,002),littl (0,002),said (0,002),whit (0,002),win (0,002),start (0,002),bubbl (0,002),goat (0,002),mak (0,002),bad (0,002),chem (0,002),lot (0,002),
crav (0,002),thing (0,002),satisfy (0,002),puck (0,002),someth (0,002),wond (0,002),kid (0,002),org (0,002),mad (0,002),right (0,002),problem (0,002),lot (0,002),high (0,002),enough (0,002),every (0,002),less (0,002),brand (0,002),ago (0,002),inform (0,002),op (0,002),
crisp (0,002),bought (0,002),stil (0,002),hazelnut (0,002),tak (0,002),fin (0,002),serv (0,002),perfect (0,002),favorit (0,002),easy (0,002),feel (0,002),ount (0,002),off (0,002),mad (0,002),bar (0,002),act (0,002),describ (0,002),buy (0,002),lot (0,002),stor (0,002),
howev (0,002),mix (0,002),glut (0,002),could (0,002),way (0,002),vary (0,002),delicy (0,002),nev (0,002),found (0,002),tea (0,002),find (0,002),think (0,002),sint (0,002),buy (0,002),plac (0,002),caffein (0,002),know (0,002),caus (0,002),websit (0,002),every (0,002),
per (0,002),fin (0,002),kid (0,002),way (0,002),found (0,002),work (0,002),bottl (0,002),ric (0,002),tasty (0,002),sal (0,002),see (0,002),fin (0,002),big (0,002),insid (0,002),thought (0,002),easy (0,002),off (0,002),skin (0,002),get (0,002),look (0,002),
